Akaa;Hämeenlinna;Lempäälä;Urjala;Valkeakoski;Vesilahti;;;;;;;;
Alajärvi;Alavus;Kuortane;Kyyjärvi;Lappajärvi;Lapua;Perho;Soini;Vimpeli;Ähtäri;;;;
Alavieska;Kalajoki;Merijärvi;Oulainen;Ylivieska;;;;;;;;;
Alavus;Alajärvi;Kuortane;Seinäjoki;Virrat;Ähtäri;;;;;;;;
Asikkala;Heinola;Hollola;Hämeenlinna;Lahti;Padasjoki;Sysmä;;;;;;;
Askola;Myrskylä;Mäntsälä;Pornainen;Porvoo;Pukkila;;;;;;;;
Aura;Lieto;Pöytyä;Rusko;Turku;;;;;;;;;
Brändö;Kumlinge;Kustavi;Parainen;Sottunga;;;;;;;;;
Eckerö;Hammarland;;;;;;;;;;;;
Enonkoski;Savonlinna;;;;;;;;;;;;
Enontekiö;Inari;Kittilä;Muonio;;;;;;;;;;
Espoo;Vihti;Nurmijärvi;Vantaa;Helsinki;Kirkkonummi;Kauniainen;;;;;;;
Eura;Eurajoki;Harjavalta;Kokemäki;Laitila;Mynämäki;Nakkila;Pöytyä;Rauma;Säkylä;;;;
Eurajoki;Eura;Nakkila;Pori;Rauma;;;;;;;;;
Evijärvi;Kauhava;Kruunupyy;Lappajärvi;Pedersören kunta;Veteli;;;;;;;;
Finström;Hammarland;Geta;Saltvik;Sund;Jomala;;;;;;;;
Forssa;Jokioinen;Tammela;Humppila;Urjala;;;;;;;;;
Föglö;Kökar;Lemland;Lumparland;Sottunga;Vårdö;;;;;;;;
Geta;Finström;;;;;;;;;;;;
Haapajärvi;Haapavesi;Kärsämäki;Nivala;Pihtipudas;Pyhäjärvi;Reisjärvi;Sievi;;;;;;
Haapavesi;Haapajärvi;Kärsämäki;Nivala;Oulainen;Raahe;Siikalatva;Ylivieska;;;;;;
Hailuoto;Lumijoki;Oulu;Siikajoki;;;;;;;;;;
Halsua;Kaustinen;Kokkola;Lestijärvi;Perho;Veteli;;;;;;;;
Hamina;Kotka;Kouvola;Luumäki;Miehikkälä;Virolahti;;;;;;;;
Hammarland;Eckerö;Finström;Geta;Jomala;;;;;;;;;
Hankasalmi;Kangasniemi;Konnevesi;Laukaa;Pieksämäki;Rautalampi;Toivakka;;;;;;;
Hanko;Kemiönsaari;Raasepori;;;;;;;;;;;
Harjavalta;Eura;Kokemäki;Nakkila;Ulvila;;;;;;;;;
Hartola;Heinola;Joutsa;Luhanka;Pertunmaa;Sysmä;;;;;;;;
Hattula;Hämeenlinna;Pälkäne;Valkeakoski;;;;;;;;;;
Hausjärvi;Hyvinkää;Hämeenlinna;Hollola;Janakkala;Kärkölä;Mäntsälä;Riihimäki;;;;;;
Heinola;Asikkala;Hartola;Iitti;Kouvola;Lahti;Mäntyharju;Pertunmaa;Sysmä;;;;;
Heinävesi;Leppävirta;Liperi;Outokumpu;Savonlinna;Tuusniemi;Varkaus;;;;;;;
Helsinki;Espoo;Vantaa;Sipoo;;;;;;;;;;
Hirvensalmi;Joutsa;Kangasniemi;Mikkeli;Mäntyharju;Pertunmaa;;;;;;;;
Hollola;Asikkala;Hausjärvi;Hämeenlinna;Lahti;Kärkölä;Orimattila;;;;;;;
Honkajoki;Isojoki;Kankaanpää;Karvia;Kauhajoki;Siikainen;;;;;;;;
Huittinen;Kokemäki;Loimaa;Punkalaidun;Sastamala;Säkylä;;;;;;;;
Humppila;Forssa;Jokioinen;Ypäjä;Loimaa;Punkalaidun;Urjala;;;;;;;
Hyrynsalmi;Kuhmo;Puolanka;Ristijärvi;Suomussalmi;;;;;;;;;
Hyvinkää;Riihimäki;Hausjärvi;Mäntsälä;Tuusula;Nurmijärvi;Vihti;Loppi;;;;;;
Hämeenkoski;Asikkala;Hausjärvi;Hollola;Hämeenlinna;Kärkölä;;;;;;;;
Hämeenkyrö;Ikaalinen;Nokia;Sastamala;Ylöjärvi;;;;;;;;;
Hämeenlinna;Akaa;Asikkala;Hattula;Hausjärvi;Hollola;Janakkala;Kärkölä;Loppi;Padasjoki;Pälkäne;Tammela;Urjala;Valkeakoski
Ii;Oulu;Pudasjärvi;Ranua;Simo;;;;;;;;;
Iisalmi;Kiuruvesi;Lapinlahti;Kuopio;Pielavesi;Sonkajärvi;Vieremä;;;;;;;
Iitti;Heinola;Kouvola;Lahti;Lapinjärvi;Orimattila;;;;;;;;
Ikaalinen;Hämeenkyrö;Jämijärvi;Kankaanpää;Parkano;Sastamala;Ylöjärvi;;;;;;;
Ilmajoki;Isokyrö;Kurikka;Laihia;Seinäjoki;;;;;;;;;
Ilomantsi;Joensuu;Lieksa;;;;;;;;;;;
Imatra;Lappeenranta;Ruokolahti;;;;;;;;;;;
Inari;Enontekiö;Kittilä;Sodankylä;Utsjoki;;;;;;;;;
Inkoo;Raasepori;Lohja;Siuntio;;;;;;;;;;
Isojoki;Honkajoki;Karijoki;Kauhajoki;Kristiinankaupunki;Merikarvia;Siikainen;;;;;;;
Isokyrö;Ilmajoki;Laihia;Vaasa;Vöyri;Kauhava;Seinäjoki;;;;;;;
Jalasjärvi;Ilmajoki;Karvia;Kauhajoki;Kihniö;Kurikka;Parkano;Seinäjoki;;;;;;
Janakkala;Hausjärvi;Loppi;Riihimäki;Hämeenlinna;;;;;;;;;
Joensuu;Ilomantsi;Kontiolahti;Lieksa;Liperi;Rääkkylä;Tohmajärvi;;;;;;;
Jokioinen;Tammela;Somero;Ypäjä;Humppila;;;;;;;;;
Jomala;Finström;Hammarland;Lemland;Lumparland;Maarianhamina;Sund;;;;;;;
Joroinen;Juva;Leppävirta;Pieksämäki;Rantasalmi;Varkaus;;;;;;;;
Joutsa;Hartola;Hirvensalmi;Jyväskylä;Kangasniemi;Luhanka;Pertunmaa;Toivakka;;;;;;
Juankoski;Juuka;Kaavi;Kuopio;Rautavaara;Tuusniemi;;;;;;;;
Juuka;Kuopio;Kaavi;Kontiolahti;Lieksa;Nurmes;Polvijärvi;Rautavaara;;;;;;
Juupajoki;Jämsä;Mänttä-Vilppula;Orivesi;Ruovesi;;;;;;;;;
Juva;Joroinen;Mikkeli;Pieksämäki;Puumala;Rantasalmi;Sulkava;;;;;;;
Jyväskylä;Joutsa;Toivakka;Jämsä;Luhanka;Muurame;Petäjävesi;Laukaa;Uurainen;;;;;
Jämijärvi;Ikaalinen;Kankaanpää;Parkano;;;;;;;;;;
Jämsä;Juupajoki;Jyväskylä;Keuruu;Kuhmoinen;Luhanka;Mänttä-Vilppula;Orivesi;Petäjävesi;;;;;
Järvenpää;Mäntsälä;Sipoo;Tuusula;;;;;;;;;;
Kaarina;Lieto;Parainen;Paimio;Sauvo;Turku;;;;;;;;
Kaavi;Kuopio;Juuka;Outokumpu;Polvijärvi;Tuusniemi;;;;;;;;
Kajaani;Paltamo;Pyhäntä;Siikalatva;Sonkajärvi;Sotkamo;Vaala;Vieremä;;;;;;
Kalajoki;Alavieska;Kokkola;Kannus;Merijärvi;Pyhäjoki;Sievi;Ylivieska;;;;;;
Kangasala;Kuhmoinen;Lempäälä;Orivesi;Padasjoki;Pälkäne;Tampere;Valkeakoski;;;;;;
Kangasniemi;Hankasalmi;Hirvensalmi;Joutsa;Mikkeli;Pieksämäki;Toivakka;;;;;;;
Kankaanpää;Honkajoki;Ikaalinen;Jämijärvi;Karvia;Parkano;Pomarkku;Pori;Sastamala;Siikainen;;;;
Kannonkoski;Karstula;Kivijärvi;Saarijärvi;Viitasaari;Äänekoski;;;;;;;;
Kannus;Kalajoki;Kokkola;Sievi;Toholampi;;;;;;;;;
Karijoki;Isojoki;Kauhajoki;Kristiinankaupunki;Teuva;;;;;;;;;
Karkkila;Lohja;Loppi;Tammela;Vihti;;;;;;;;;
Karstula;Kannonkoski;Kivijärvi;Kyyjärvi;Saarijärvi;Soini;;;;;;;;
Karvia;Honkajoki;Kankaanpää;Kauhajoki;Kurikka;Parkano;;;;;;;;
Kaskinen;Närpiö;Kristiinankaupunki;Teuva;;;;;;;;;;
Kauhajoki;Honkajoki;Isojoki;Karijoki;Karvia;Kurikka;Teuva;;;;;;;
Kauhava;Evijärvi;Isokyrö;Lappajärvi;Lapua;Pedersören kunta;Seinäjoki;Uusikaarlepyy;Vöyri;;;;;
Kauniainen;Espoo;;;;;;;;;;;;
Kaustinen;Halsua;Kokkola;Kruunupyy;Veteli;;;;;;;;;
Keitele;Pielavesi;Pihtipudas;Tervo;Vesanto;Viitasaari;;;;;;;;
Kemi;Keminmaa;Simo;Tornio;;;;;;;;;;
Kemijärvi;Pelkosenniemi;Salla;Posio;Rovaniemi;;;;;;;;;
Keminmaa;Kemi;Simo;Tervola;Tornio;;;;;;;;;
Kemiönsaari;Salo;Raasepori;Hanko;Parainen;Sauvo;;;;;;;;
Kempele;Liminka;Oulu;Tyrnävä;;;;;;;;;;
Kerava;Vantaa;Tuusula;Sipoo;;;;;;;;;;
Keuruu;Jämsä;Multia;Mänttä-Vilppula;Petäjävesi;Virrat;Ähtäri;;;;;;;
Kihniö;Kurikka;Ylöjärvi;Parkano;Seinäjoki;Virrat;;;;;;;;
Kinnula;Kivijärvi;Lestijärvi;Perho;Pihtipudas;Reisjärvi;Viitasaari;;;;;;;
Kirkkonummi;Vihti;Siuntio;Inkoo;;;;;;;;;;
Kitee;Parikkala;Rääkkylä;Savonlinna;Tohmajärvi;;;;;;;;;
Kittilä;Enontekiö;Inari;Kolari;Muonio;Rovaniemi;Sodankylä;;;;;;;
Kiuruvesi;Iisalmi;Pielavesi;Pyhäjärvi;Pyhäntä;Vieremä;;;;;;;;
Kivijärvi;Kannonkoski;Karstula;Kinnula;Kyyjärvi;Perho;Viitasaari;;;;;;;
Kokemäki;Eura;Harjavalta;Huittinen;Pori;Sastamala;Säkylä;Ulvila;;;;;;
Kokkola;Halsua;Kalajoki;Kannus;Kaustinen;Kruunupyy;Lestijärvi;Luoto;Toholampi;;;;;
Kolari;Kittilä;Muonio;Pello;Rovaniemi;Pajala;;;;;;;;
Konnevesi;Hankasalmi;Laukaa;Rautalampi;Vesanto;Äänekoski;;;;;;;;
Kontiolahti;Joensuu;Juuka;Lieksa;Liperi;Polvijärvi;;;;;;;;
Korsnäs;Maalahti;Närpiö;;;;;;;;;;;
Koski Tl;Loimaa;Marttila;Pöytyä;Salo;Somero;Ypäjä;;;;;;;
Kotka;Hamina;Kouvola;Pyhtää;;;;;;;;;;
Kouvola;Hamina;Heinola;Iitti;Kotka;Lapinjärvi;Loviisa;Luumäki;Miehikkälä;Mäntyharju;Pyhtää;Savitaipale;;
Kristiinankaupunki;Isojoki;Karijoki;Merikarvia;Närpiö;Teuva;;;;;;;;
Kruunupyy;Evijärvi;Kaustinen;Kokkola;Luoto;Pedersören kunta;Veteli;;;;;;;
Kuhmo;Hyrynsalmi;Lieksa;Nurmes;Ristijärvi;Sotkamo;Suomussalmi;;;;;;;
Kuhmoinen;Jämsä;Kangasala;Luhanka;Orivesi;Padasjoki;Sysmä;;;;;;;
Kumlinge;Brändö;Saltvik;Sottunga;Vårdö;;;;;;;;;
Kuopio;Lapinlahti;Iisalmi;Leppävirta;Rautavaara;Siilinjärvi;Suonenjoki;Tervo;Pielavesi;Kaavi;Juuka;Tuusniemi;;
Kuortane;Alajärvi;Alavus;Lapua;Seinäjoki;;;;;;;;;
Kurikka;Ilmajoki;Karvia;Kauhajoki;Kihniö;Laihia;Maalahti;Närpiö;Parkano;Seinäjoki;Teuva;;;
Kustavi;Brändö;Parainen;Naantali;Taivassalo;Uusikaupunki;;;;;;;;
Kuusamo;Posio;Salla;Suomussalmi;Taivalkoski;;;;;;;;;
Kyyjärvi;Alajärvi;Karstula;Kivijärvi;Perho;Soini;;;;;;;;
Kärkölä;Hausjärvi;Hollola;Hämeenlinna;Mäntsälä;Orimattila;;;;;;;;
Kärsämäki;Haapajärvi;Haapavesi;Pyhäjärvi;Pyhäntä;Siikalatva;;;;;;;;
Kökar;Föglö;Parainen;Sottunga;;;;;;;;;;
Köyliö;Eura;Huittinen;Kokemäki;Säkylä;;;;;;;;;
Lahti;Asikkala;Heinola;Hollola;Iitti;Orimattila;;;;;;;;
Laihia;Ilmajoki;Isokyrö;Kurikka;Maalahti;Mustasaari;Vaasa;;;;;;;
Laitila;Eura;Mynämäki;Pyhäranta;Rauma;Uusikaupunki;Vehmaa;;;;;;;
Lapinjärvi;Iitti;Kouvola;Loviisa;Myrskylä;Orimattila;;;;;;;;
Lapinlahti;Iisalmi;Kuopio;Rautavaara;Siilinjärvi;Sonkajärvi;;;;;;;;
Lappajärvi;Alajärvi;Evijärvi;Kauhava;Lapua;Veteli;Vimpeli;;;;;;;
Lappeenranta;Imatra;Lemi;Luumäki;Miehikkälä;Ruokolahti;Taipalsaari;;;;;;;
Lapua;Alajärvi;Kauhava;Kuortane;Lappajärvi;Seinäjoki;;;;;;;;
Laukaa;Hankasalmi;Jyväskylä;Konnevesi;Toivakka;Uurainen;Äänekoski;;;;;;;
Lavia;Kankaanpää;Kokemäki;Pori;Pomarkku;Sastamala;Ulvila;;;;;;;
Lemi;Lappeenranta;Luumäki;Savitaipale;Taipalsaari;;;;;;;;;
Lemland;Föglö;Jomala;Lumparland;Maarianhamina;Sund;;;;;;;;
Lempäälä;Akaa;Kangasala;Pirkkala;Tampere;Valkeakoski;Vesilahti;;;;;;;
Leppävirta;Heinävesi;Joroinen;Kuopio;Pieksämäki;Suonenjoki;Tuusniemi;Varkaus;;;;;;
Lestijärvi;Halsua;Kinnula;Kokkola;Perho;Reisjärvi;Sievi;Toholampi;;;;;;
Lieksa;Ilomantsi;Joensuu;Juuka;Kontiolahti;Kuhmo;Nurmes;;;;;;;
Lieto;Aura;Kaarina;Marttila;Paimio;Pöytyä;Turku;;;;;;;
Liminka;Kempele;Lumijoki;Muhos;Oulu;Siikajoki;Siikalatva;Tyrnävä;Vaala;;;;;
Liperi;Heinävesi;Joensuu;Kontiolahti;Outokumpu;Polvijärvi;Rääkkylä;Savonlinna;;;;;;
Lohja;Inkoo;Karkkila;Raasepori;Salo;Siuntio;Somero;Tammela;Vihti;;;;;
Loimaa;Huittinen;Humppila;Koski Tl;Marttila;Oripää;Punkalaidun;Pöytyä;Somero;Säkylä;Ypäjä;;;
Loppi;Hyvinkää;Hämeenlinna;Janakkala;Karkkila;Riihimäki;Tammela;Vihti;;;;;;
Loviisa;Kouvola;Lapinjärvi;Myrskylä;Porvoo;Pyhtää;;;;;;;;
Luhanka;Hartola;Joutsa;Jyväskylä;Jämsä;Kuhmoinen;Sysmä;;;;;;;
Lumijoki;Hailuoto;Liminka;Oulu;Siikajoki;;;;;;;;;
Lumparland;Föglö;Jomala;Lemland;Sund;Vårdö;;;;;;;;
Luoto;Kokkola;Kruunupyy;Pedersören kunta;Pietarsaari;;;;;;;;;
Luumäki;Hamina;Kouvola;Lappeenranta;Lemi;Miehikkälä;Savitaipale;;;;;;;
Luvia;Eurajoki;Nakkila;Pori;;;;;;;;;;
Maalahti;Korsnäs;Kurikka;Laihia;Mustasaari;Närpiö;Vaasa;;;;;;;
Maaninka;Iisalmi;Kuopio;Lapinlahti;Pielavesi;Siilinjärvi;Tervo;;;;;;;
Maarianhamina;Jomala;Lemland;;;;;;;;;;;
Marttila;Koski Tl;Lieto;Loimaa;Paimio;Pöytyä;Salo;;;;;;;
Masku;Mynämäki;Naantali;Nousiainen;Rusko;Raisio;Taivassalo;;;;;;;
Merijärvi;Alavieska;Kalajoki;Oulainen;Ylivieska;Pyhäjoki;;;;;;;;
Merikarvia;Isojoki;Kristiinankaupunki;Pomarkku;Pori;Siikainen;;;;;;;;
Miehikkälä;Hamina;Kouvola;Lappeenranta;Luumäki;Virolahti;;;;;;;;
Mikkeli;Hirvensalmi;Juva;Kangasniemi;Mäntyharju;Pieksämäki;Puumala;Savitaipale;;;;;;
Muhos;Liminka;Oulu;Siikalatva;Tyrnävä;Utajärvi;Vaala;;;;;;;
Multia;Keuruu;Petäjävesi;Saarijärvi;Uurainen;Ähtäri;;;;;;;;
Muonio;Enontekiöön;Kittilään;Kolariin;;;;;;;;;;
Mustasaari;Laihia;Maalahti;Vaasa;Vöyri;;;;;;;;;
Muurame;Jyväskylä;;;;;;;;;;;;
Mynämäki;Aura;Eura;Laitila;Masku;Nousiainen;Pöytyä;Rusko;Taivassalo;Turku;Vehmaa;;;
Myrskylä;Askola;Porvoo;Pukkila;Orimattila;Lapinjärvi;Loviisa;;;;;;;
Mäntsälä;Kärkölä;Orimattila;Pukkila;Askola;Pornainen;Sipoo;Järvenpää;Tuusula;Hyvinkää;Hausjärvi;;;
Mänttä-Vilppula;Keuruu;Juupajoki;Jämsä;Ruovesi;Virrat;;;;;;;;
Mäntyharju;Heinola;Hirvensalmi;Kouvola;Mikkeli;Pertunmaa;Savitaipale;;;;;;;
Naantali;Parainen;Masku;Raisio;Taivassalo;Turku;;;;;;;;
Nakkila;Eura;Eurajoki;Harjavalta;Pori;Ulvila;;;;;;;;
Nastola;Asikkala;Heinola;Hollola;Iitti;Lahti;Orimattila;;;;;;;
Nivala;Haapajärvi;Haapavesi;Sievi;Ylivieska;;;;;;;;;
Nokia;Hämeenkyrö;Pirkkala;Sastamala;Tampere;Vesilahti;Ylöjärvi;;;;;;;
Nousiainen;Aura;Masku;Mynämäki;Pöytyä;Rusko;Turku;;;;;;;
Nurmes;Juuka;Kuhmo;Lieksa;Rautavaara;Sotkamo;Valtimo;;;;;;;
Nurmijärvi;Espoo;Vantaa;Tuusula;Hyvinkää;Vihti;;;;;;;;
Närpiö;Kaskinen;Korsnäs;Kristiinankaupunki;Kurikka;Maalahti;Teuva;;;;;;;
Orimattila;Hollola;Iitti;Kärkölä;Lahti;Lapinjärvi;Myrskylä;Mäntsälä;Pukkila;;;;;
Oripää;Loimaa;Pöytyä;Säkylä;;;;;;;;;;
Orivesi;Juupajoki;Jämsä;Kangasala;Kuhmoinen;Ruovesi;Tampere;;;;;;;
Oulainen;Alavieska;Haapavesi;Merijärvi;Pyhäjoki;Raahe;Ylivieska;;;;;;;
Oulu;Hailuoto;Ii;Kempele;Liminka;Lumijoki;Muhos;Pudasjärvi;Tyrnävä;Utajärvi;;;;
Outokumpu;Heinävesi;Kaavi;Liperi;Polvijärvi;Tuusniemi;;;;;;;;
Padasjoki;Kuhmoinen;;;;;;;;;;;;
Paimio;Lieto;Kaarina;Marttila;Salo;Sauvo;;;;;;;;
Paltamo;Kajaani;Puolanka;Ristijärvi;Sotkamo;Vaala;;;;;;;;
Parainen;Brändö;Sottunga;Kökar;Kemiönsaari;Sauvo;Kaarina;Turku;Naantali;Kustavi;;;;
Parikkala;Kitee;Rautjärvi;Ruokolahti;Savonlinna;;;;;;;;;
Parkano;Ikaalinen;Jämijärvi;Kankaanpää;Karvia;Kihniö;Kurikka;Ylöjärvi;;;;;;
Pedersören kunta;Evijärvi;Kauhava;Kruunupyy;Luoto;Pietarsaari;Uusikaarlepyy;;;;;;;
Pelkosenniemi;Kemijärvi;Rovaniemi;Salla;Savukoski;Sodankylä;;;;;;;;
Pello;Kolari;Ylitornio;Rovaniemi;;;;;;;;;;
Perho;Alajärvi;Halsua;Kinnula;Kivijärvi;Kyyjärvi;Lestijärvi;Veteli;Vimpeli;;;;;
Pertunmaa;Hartola;Heinola;Hirvensalmi;Mäntyharju;Joutsa;;;;;;;;
Petäjävesi;Jyväskylä;Jämsä;Keuruu;Multia;Uurainen;;;;;;;;
Pieksämäki;Hankasalmi;Joroinen;Juva;Kangasniemi;Leppävirta;Mikkeli;Rautalampi;Suonenjoki;;;;;
Pielavesi;Iisalmi;Keitele;Kiuruvesi;Kuopio;Pihtipudas;Pyhäjärvi;Tervo;;;;;;
Pietarsaari;Luoto;Pedersören kunta;Uusikaarlepyy;Kokkola;;;;;;;;;
Pihtipudas;Haapajärvi;Keitele;Kinnula;Pielavesi;Pyhäjärvi;Reisjärvi;Viitasaari;;;;;;
Pirkkala;Tampere;Nokia;Lempäälä;Vesilahti;;;;;;;;;
Polvijärvi;Juuka;Kaavi;Kontiolahti;Liperi;Outokumpu;;;;;;;;
Pomarkku;Kankaanpää;Merikarvia;Pori;Siikainen;;;;;;;;;
Pori;Eurajoki;Kankaanpää;Kokemäki;Merikarvia;Nakkila;Pomarkku;Sastamala;Siikainen;Ulvila;;;;
Pornainen;Askola;Mäntsälä;Porvoo;Sipoo;;;;;;;;;
Porvoo;Askola;Loviisa;Myrskylä;Pornainen;Sipoo;;;;;;;;
Posio;Rovaniemi;Kemijärvi;Ranua;Salla;Kuusamo;Taivalkoski;Pudasjärvi;;;;;;
Pudasjärvi;Ii;Oulu;Posio;Puolanka;Ranua;Suomussalmi;Taivalkoski;Utajärvi;;;;;
Pukkila;Orimattila;Myrskylä;Askola;Mäntsälä;;;;;;;;;
Punkalaidun;Huittinen;Humppila;Loimaa;Urjala;Sastamala;;;;;;;;
Puolanka;Hyrynsalmi;Paltamo;Pudasjärvi;Ristijärvi;Suomussalmi;Utajärvi;Vaala;;;;;;
Puumala;Juva;Mikkeli;Ruokolahti;Savitaipale;Sulkava;Taipalsaari;;;;;;;
Pyhtää;Loviisa;Kotka;Kouvola;;;;;;;;;;
Pyhäjoki;Kalajoki;Merijärvi;Oulainen;Raahe;;;;;;;;;
Pyhäjärvi;Haapajärvi;Kiuruvesi;Kärsämäki;Pielavesi;Pihtipudas;Pyhäntä;;;;;;;
Pyhäntä;Kajaani;Kiuruvesi;Kärsämäki;Pyhäjärvi;Siikalatva;Vieremä;;;;;;;
Pyhäranta;Laitila;Rauma;Uusikaupunki;;;;;;;;;;
Pälkäne;Hattula;Hämeenlinna;Kangasala;Padasjoki;Valkeakoski;;;;;;;;
Pöytyä;Aura;Eura;Lieto;Loimaa;Marttila;Mynämäki;Oripää;Säkylä;;;;;
Raahe;Haapavesi;Oulainen;Pyhäjoki;Siikajoki;Siikalatva;;;;;;;;
Raasepori;Hanko;Kemiönsaari;Salo;Inkoo;Lohja;;;;;;;;
Raisio;Masku;Naantali;Rusko;Turku;;;;;;;;;
Rantasalmi;Joroinen;Juva;Sulkava;;;;;;;;;;
Ranua;Ii;Simo;Tervola;Rovaniemi;Posio;Pudasjärvi;;;;;;;
Rauma;Eura;Eurajoki;Laitila;Pyhäranta;;;;;;;;;
Rautalampi;Hankasalmi;Konnevesi;Pieksämäki;Suonenjoki;Tervo;Vesanto;;;;;;;
Rautavaara;Juuka;Kuopio;Lapinlahti;Nurmes;Sonkajärvi;Sotkamo;Valtimo;;;;;;
Rautjärvi;Parikkala;Ruokolahti;;;;;;;;;;;
Reisjärvi;Haapajärvi;Kinnula;Lestijärvi;Pihtipudas;Sievi;;;;;;;;
Riihimäki;Janakkala;Hausjärvi;Hyvinkää;Loppi;;;;;;;;;
Ristijärvi;Puolanka;Hyrynsalmi;Kuhmo;Sotkamo;Paltamo;;;;;;;;
Rovaniemi;Kittilä;Sodankylä;Kolari;Pello;Ylitornio;Tervola;Ranua;Posio;Kemijärvi;Pelkosenniemi;;;
Ruokolahti;Imatra;Lappeenranta;Parikkala;Puumala;Rautjärvi;Savonlinna;Sulkava;Taipalsaari;;;;;
Ruovesi;Juupajoki;Mänttä-Vilppula;Orivesi;Tampere;Virrat;Ylöjärvi;;;;;;;
Rusko;Masku;Nousiainen;Raisio;Turku;;;;;;;;;
Rääkkylä;Joensuu;Kitee;Liperi;Savonlinna;Tohmajärvi;;;;;;;;
Saarijärvi;Kannonkoski;Karstula;Multia;Soini;Uurainen;Ähtäri;Äänekoski;;;;;;
Salla;Kemijärvi;Kuusamo;Pelkosenniemi;Posio;Savukoski;;;;;;;;
Salo;Koski Tl;Lohja;Kemiönsaari;Marttila;Paimio;Raasepori;Sauvo;Somero;;;;;
Saltvik;Finström;Geta;Kumlinge;Sund;Vårdö;;;;;;;;
Sastamala;Huittinen;Hämeenkyrö;Ikaalinen;Kankaanpää;Kokemäki;Nokia;Pori;Punkalaidun;Ulvila;Urjala;Vesilahti;;
Sauvo;Kaarina;Kemiönsaari;Parainen;Paimio;Salo;;;;;;;;
Savitaipale;Kouvola;Lemi;Luumäki;Mikkeli;Mäntyharju;Puumala;Taipalsaari;;;;;;
Savonlinna;Enonkoski;Heinävesi;Kitee;Liperi;Parikkala;Rantasalmi;Ruokolahti;Rääkkylä;Sulkava;Varkaus;;;
Savukoski;Pelkosenniemi;Salla;Sodankylä;;;;;;;;;;
Seinäjoki;Kauhava;Lapua;Kuortane;Alavus;Virrat;Kihniö;Ilmajoki;Kurikka;Isokyrö;;;;
Sievi;Haapajärvi;Kalajoki;Kannus;Lestijärvi;Nivala;Reisjärvi;Toholampi;Ylivieska;;;;;
Siikainen;Honkajoki;Isojoki;Kankaanpää;Merikarvia;Pomarkku;Pori;;;;;;;
Siikajoki;Hailuoto;Liminka;Lumijoki;Raahe;Siikalatva;;;;;;;;
Siikalatva;Haapavesi;Kajaani;Kärsämäki;Liminka;Muhos;Pyhäntä;Raahe;Siikajoki;Vaala;;;;
Siilinjärvi;Kuopio;Lapinlahti;;;;;;;;;;;
Simo;Ii;Kemi;Keminmaa;Ranua;Tervola;;;;;;;;
Sipoo;Helsinki;Vantaa;Kerava;Tuusula;Järvenpää;Porvoo;Pornainen;Mäntsälä;;;;;
Siuntio;Inkoo;Kirkkonummi;Lohja;Vihti;;;;;;;;;
Sodankylä;Inari;Kemijärvi;Kittilä;Pelkosenniemi;Rovaniemi;Savukoski;;;;;;;
Soini;Alajärvi;Karstula;Kyyjärvi;Saarijärvi;Ähtäri;;;;;;;;
Somero;Jokioinen;Koski Tl;Lohja;Loimaa;Salo;Tammela;Ypäjä;;;;;;
Sonkajärvi;Iisalmi;Kajaani;Lapinlahti;Rautavaara;Sotkamo;Vieremä;;;;;;;
Sotkamo;Kajaani;Kuhmo;Nurmes;Paltamo;Rautavaara;Ristijärvi;Sonkajärvi;Valtimo;;;;;
Sottunga;Brändö;Föglö;Kumlinge;Kökar;Parainen;Vårdö;;;;;;;
Sulkava;Juva;Puumala;Rantasalmi;Ruokolahti;Savonlinna;;;;;;;;
Sund;Finström;Jomala;Lemland;Lumparland;Saltvik;Vårdö;;;;;;;
Suomussalmi;Taivalkoski;Puolanka;Hyrynsalmi;Kuusamo;Pudasjärvi;Kuhmo;;;;;;;
Suonenjoki;Kuopio;Leppävirta;Pieksämäki;Rautalampi;Tervo;;;;;;;;
Sysmä;Asikkala;Hartola;Heinola;Kuhmoinen;Luhanka;Padasjoki;;;;;;;
Säkylä;Eura;Huittinen;Kokemäki;Loimaa;Oripää;Pöytyä;;;;;;;
Taipalsaari;Lemi;Puumala;Ruokolahti;Savitaipale;;;;;;;;;
Taivalkoski;Kuusamo;Posio;Pudasjärvi;Suomussalmi;;;;;;;;;
Taivassalo;Kustavi;Masku;Mynämäki;Naantali;Uusikaupunki;Vehmaa;;;;;;;
Tammela;Forssa;Hämeenlinna;Jokioinen;Karkkila;Lohja;Loppi;Somero;Urjala;;;;;
Tampere;Kangasala;Lempäälä;Nokia;Pirkkala;Vesilahti;Hämeenkyrö;Orivesi;Pälkäne;Ylöjärvi; ;;;
Tarvasjoki;Aura;Lieto;Marttila;Paimio;Pöytyä;Karinainen;;;;;;;
Tervo;Keitele;Kuopio;Pielavesi;Rautalampi;Suonenjoki;Vesanto;;;;;;;
Tervola;Keminmaa;Ranua;Rovaniemi;Simo;Tornio;Ylitornio;;;;;;;
Teuva;Karijoki;Kauhajoki;Kristiinankaupunki;Kurikka;Närpiö;;;;;;;;
Tohmajärvi;Joensuu;Kitee;Rääkkylä;;;;;;;;;;
Toholampi;Kannus;Kokkola;Lestijärvi;Sievi;;;;;;;;;
Toivakka;Hankasalmi;Joutsa;Jyväskylä;Kangasniemi;Laukaa;Muurame;;;;;;;
Tornio;Kemi;Keminmaa;Tervola;Ylitornio;;;;;;;;;
Turku;Aura;Kaarina;Lieto;Masku;Mynämäki;Naantali;Nousiainen;Pöytyä;Raisio;Rusko;;;
Tuusniemi;Heinävesi;Kaavi;Kuopio;Leppävirta;Outokumpu;;;;;;;;
Tuusula;Hyvinkää;Mäntsälä;Järvenpää;Sipoo;Kerava;Vantaa;Nurmijärvi;;;;;;
Tyrnävä;Kempele;Liminka;Muhos;Oulu;;;;;;;;;
Ulvila;Harjavalta;Kokemäki;Nakkila;Sastamala;;;;;;;;;
Urjala;Akaa;Forssa;Humppila;Hämeenlinna;Punkalaidun;Sastamala;Tammela;Vesilahti;;;;;
Utajärvi;Muhos;Oulu;Pudasjärvi;Puolanka;Vaala;;;;;;;;
Utsjoki;Inari;;;;;;;;;;;;
Uurainen;Jyväskylä;Laukaa;Multia;Petäjävesi;Saarijärvi;Äänekoski;;;;;;;
Uusikaarlepyy;Kauhava;Pedersören kunta;Pietarsaari;Vöyri;;;;;;;;;
Uusikaupunki;Kustavi;Laitila;Pyhäranta;Taivassalo;Vehmaa;;;;;;;;
Vaala;Kajaani;Liminka;Muhos;Paltamo;Puolanka;Siikalatva;Utajärvi;;;;;;
Vaasa;Isokyrö;Laihia;Maalahti;Mustasaari;Vöyri;;;;;;;;
Valkeakoski;Akaa;Hattula;Hämeenlinna;Kangasala;Lempäälä;Pälkäne;;;;;;;
Valtimo;Nurmes;Rautavaara;Sotkamo;;;;;;;;;;
Vantaa;Helsinki;Espoo;Nurmijärvi;Tuusula;Kerava;Sipoo;;;;;;;
Varkaus;Heinävesi;Joroinen;Leppävirta;Rantasalmi;Savonlinna;;;;;;;;
Vehmaa;Laitila;Mynämäki;Taivassalo;Uusikaupunki;;;;;;;;;
Vesanto;Keitele;Konnevesi;Rautalampi;Tervo;Viitasaari;Äänekoski;;;;;;;
Vesilahti;Akaa;Lempäälä;Nokia;Pirkkala;Sastamala;Urjala;;;;;;;
Veteli;Evijärvi;Halsua;Kaustinen;Kruunupyy;Lappajärvi;Perho;Vimpeli;;;;;;
Vieremä;Iisalmi;Kajaani;Kiuruvesi;Pyhäntä;Sonkajärvi;;;;;;;;
Vihti;Karkkila;Loppi;Hyvinkää;Nurmijärvi;Espoo;Kirkkonummi;Siuntio;Lohja;;;;;
Viitasaari;Kannonkoski;Keitele;Kinnula;Kivijärvi;Pihtipudas;Vesanto;Äänekoski;;;;;;
Vimpeli;Alajärvi;Lappajärvi;Perho;Veteli;;;;;;;;;
Virolahti;Hamina;Miehikkälä;;;;;;;;;;;
Virrat;Alavus;Keuruu;Kihniö;Mänttä-Vilppula;Ruovesi;Seinäjoki;Ylöjärvi;Ähtäri;;;;;
Vårdö;Föglö;Kumlinge;Lumparland;Saltvik;Sottunga;Sund;;;;;;;
Vöyri;Isokyrö;Kauhava;Mustasaari;Uusikaarlepyy;Vaasa;;;;;;;;
Ylitornio;Pello;Rovaniemi;Tervola;Tornio;;;;;;;;;
Ylivieska;Alavieska;Haapavesi;Kalajoki;Nivala;Oulainen;Merijärvi;Sievi;;;;;;
Ylöjärvi;Hämeenkyrö;Ikaalinen;Kihniö;Nokia;Parkano;Ruovesi;Tampere;Virrat;;;;;
Ypäjä;Jokioinen;Somero;Loimaa;Humppila;;;;;;;;;
Ähtäri;Alajärvi;Alavus;Keuruu;Multia;Saarijärvi;Soini;Virrat;;;;;;
Äänekoski;Kannonkoski;Konnevesi;Laukaa;Saarijärvi;Uurainen;Vesanto;Viitasaari;;;;;;
